stage,object_type,name,bytes,relpath
2.1_CreateSystemMessages,SystemMessages,CreateSystemMessages,495383,2.1_CreateSystemMessages\CreateSystemMessages.sql
3.0_CreateUDF,UDF,sdiudf_PA_GetCartonStatus,888,3.0_CreateUDF\sdiudf_PA_GetCartonStatus.sql
3.0_CreateUDF,UDF,sdiudf_PA_GetLabelDataFromPID,855,3.0_CreateUDF\sdiudf_PA_GetLabelDataFromPID.sql
3.0_CreateUDF,UDF,sdiudf_PA_GetPandaIDFromRecID,859,3.0_CreateUDF\sdiudf_PA_GetPandaIDFromRecID.sql
3.0_CreateUDF,UDF,sdiudf_PA_GetPrinterRecIDFromConnections,950,3.0_CreateUDF\sdiudf_PA_GetPrinterRecIDFromConnections.sql
3.0_CreateUDF,UDF,sdiudf_PA_GetRecIDFromPandaID,838,3.0_CreateUDF\sdiudf_PA_GetRecIDFromPandaID.sql
3.0_CreateUDF,UDF,sdiudf_PA_GetRecIDFromPrinterID,900,3.0_CreateUDF\sdiudf_PA_GetRecIDFromPrinterID.sql
4.0_CreateSynonyms,Synonym,rtisp_ccm_LPNVerifiedByPanda,254,4.0_CreateSynonyms\rtisp_ccm_LPNVerifiedByPanda.sql
4.0_CreateSynonyms,Synonym,sdisp_DB2VLC_Send_CE1,225,4.0_CreateSynonyms\sdisp_DB2VLC_Send_CE1.sql
4.0_CreateSynonyms,Synonym,sdisp_DB2VLC_Send_CE2,225,4.0_CreateSynonyms\sdisp_DB2VLC_Send_CE2.sql
4.0_CreateSynonyms,Synonym,sdisp_DB2VLC_Send_CE3,225,4.0_CreateSynonyms\sdisp_DB2VLC_Send_CE3.sql
4.0_CreateSynonyms,Synonym,sdisp_DB2VLC_Send_CE4,225,4.0_CreateSynonyms\sdisp_DB2VLC_Send_CE4.sql
4.0_CreateSynonyms,Synonym,sdisp_DB2VLC_Send_CE5,225,4.0_CreateSynonyms\sdisp_DB2VLC_Send_CE5.sql
4.0_CreateSynonyms,Synonym,sdisp_DB2VLC_Send_CE6,225,4.0_CreateSynonyms\sdisp_DB2VLC_Send_CE6.sql
4.0_CreateSynonyms,Synonym,sdisp_HI_ACK_ReadyPandALabel,254,4.0_CreateSynonyms\sdisp_HI_ACK_ReadyPandALabel.sql
4.0_CreateSynonyms,Synonym,sdisp_HI_ACK_ZPLFile,222,4.0_CreateSynonyms\sdisp_HI_ACK_ZPLFile.sql
4.0_CreateSynonyms,Synonym,sdisp_HI_Ins_OrderWaveStatus,254,4.0_CreateSynonyms\sdisp_HI_Ins_OrderWaveStatus.sql
4.0_CreateSynonyms,Synonym,sdisp_HI_Ins_PandAVerify,238,4.0_CreateSynonyms\sdisp_HI_Ins_PandAVerify.sql
4.0_CreateSynonyms,Synonym,sdisp_HI_PandA_ACK_InboundLabelData,283,4.0_CreateSynonyms\sdisp_HI_PandA_ACK_InboundLabelData.sql
4.0_CreateSynonyms,Synonym,sdisp_TCP_TX_Insert_CE1,231,4.0_CreateSynonyms\sdisp_TCP_TX_Insert_CE1.sql
4.0_CreateSynonyms,Synonym,sdisp_TCP_TX_Insert_CE2,231,4.0_CreateSynonyms\sdisp_TCP_TX_Insert_CE2.sql
4.0_CreateSynonyms,Synonym,sdisp_TCP_TX_Insert_CE3,231,4.0_CreateSynonyms\sdisp_TCP_TX_Insert_CE3.sql
4.0_CreateSynonyms,Synonym,sdisp_TCP_TX_Insert_CE4,231,4.0_CreateSynonyms\sdisp_TCP_TX_Insert_CE4.sql
4.0_CreateSynonyms,Synonym,sdisp_TCP_TX_Insert_CE5,231,4.0_CreateSynonyms\sdisp_TCP_TX_Insert_CE5.sql
4.0_CreateSynonyms,Synonym,sdisp_TCP_TX_Insert_CE6,231,4.0_CreateSynonyms\sdisp_TCP_TX_Insert_CE6.sql
4.0_CreateSynonyms,Synonym,sdisp_TCP_TX_Insert_CE7,231,4.0_CreateSynonyms\sdisp_TCP_TX_Insert_CE7.sql
4.0_CreateSynonyms,Synonym,sdisp_TCP_TX_Response_CE1,239,4.0_CreateSynonyms\sdisp_TCP_TX_Response_CE1.sql
4.0_CreateSynonyms,Synonym,sdisp_TCP_TX_Response_CE2,239,4.0_CreateSynonyms\sdisp_TCP_TX_Response_CE2.sql
4.0_CreateSynonyms,Synonym,sdisp_TCP_TX_Response_CE3,239,4.0_CreateSynonyms\sdisp_TCP_TX_Response_CE3.sql
4.0_CreateSynonyms,Synonym,sdisp_TCP_TX_Response_CE4,239,4.0_CreateSynonyms\sdisp_TCP_TX_Response_CE4.sql
4.0_CreateSynonyms,Synonym,sdisp_TCP_TX_Response_CE5,239,4.0_CreateSynonyms\sdisp_TCP_TX_Response_CE5.sql
4.0_CreateSynonyms,Synonym,sdisp_TCP_TX_Response_CE6,239,4.0_CreateSynonyms\sdisp_TCP_TX_Response_CE6.sql
4.0_CreateSynonyms,Synonym,sdisp_TCP_TX_Response_CE7,239,4.0_CreateSynonyms\sdisp_TCP_TX_Response_CE7.sql
4.0_CreateSynonyms,Synonym,sdisp_TCP_TX_Send_CE1,223,4.0_CreateSynonyms\sdisp_TCP_TX_Send_CE1.sql
4.0_CreateSynonyms,Synonym,sdisp_TCP_TX_Send_CE2,223,4.0_CreateSynonyms\sdisp_TCP_TX_Send_CE2.sql
4.0_CreateSynonyms,Synonym,sdisp_TCP_TX_Send_CE3,223,4.0_CreateSynonyms\sdisp_TCP_TX_Send_CE3.sql
4.0_CreateSynonyms,Synonym,sdisp_TCP_TX_Send_CE4,223,4.0_CreateSynonyms\sdisp_TCP_TX_Send_CE4.sql
4.0_CreateSynonyms,Synonym,sdisp_TCP_TX_Send_CE5,223,4.0_CreateSynonyms\sdisp_TCP_TX_Send_CE5.sql
4.0_CreateSynonyms,Synonym,sdisp_TCP_TX_Send_CE6,223,4.0_CreateSynonyms\sdisp_TCP_TX_Send_CE6.sql
4.0_CreateSynonyms,Synonym,sdisp_TCP_TX_Send_CE7,223,4.0_CreateSynonyms\sdisp_TCP_TX_Send_CE7.sql
4.0_CreateSynonyms,Synonym,sdisy_base__installs,212,4.0_CreateSynonyms\sdisy_base__installs.sql
4.0_CreateSynonyms,Synonym,sdisy_DB2VLC_CE1,199,4.0_CreateSynonyms\sdisy_DB2VLC_CE1.sql
4.0_CreateSynonyms,Synonym,sdisy_DB2VLC_CE2,199,4.0_CreateSynonyms\sdisy_DB2VLC_CE2.sql
4.0_CreateSynonyms,Synonym,sdisy_DB2VLC_CE3,199,4.0_CreateSynonyms\sdisy_DB2VLC_CE3.sql
4.0_CreateSynonyms,Synonym,sdisy_DB2VLC_CE4,199,4.0_CreateSynonyms\sdisy_DB2VLC_CE4.sql
4.0_CreateSynonyms,Synonym,sdisy_DB2VLC_CE5,199,4.0_CreateSynonyms\sdisy_DB2VLC_CE5.sql
4.0_CreateSynonyms,Synonym,sdisy_DB2VLC_CE6,199,4.0_CreateSynonyms\sdisy_DB2VLC_CE6.sql
4.0_CreateSynonyms,Synonym,sdisy_HI_Xfer_Inb_LabelData,245,4.0_CreateSynonyms\sdisy_HI_Xfer_Inb_LabelData.sql
4.0_CreateSynonyms,Synonym,sdisy_HI_Xfer_Inb_PandALabels,252,4.0_CreateSynonyms\sdisy_HI_Xfer_Inb_PandALabels.sql
4.0_CreateSynonyms,Synonym,sdisy_MessageLog_CE1,213,4.0_CreateSynonyms\sdisy_MessageLog_CE1.sql
4.0_CreateSynonyms,Synonym,sdisy_MessageLog_CE2,213,4.0_CreateSynonyms\sdisy_MessageLog_CE2.sql
4.0_CreateSynonyms,Synonym,sdisy_MessageLog_CE3,213,4.0_CreateSynonyms\sdisy_MessageLog_CE3.sql
4.0_CreateSynonyms,Synonym,sdisy_MessageLog_CE4,213,4.0_CreateSynonyms\sdisy_MessageLog_CE4.sql
4.0_CreateSynonyms,Synonym,sdisy_MessageLog_CE5,213,4.0_CreateSynonyms\sdisy_MessageLog_CE5.sql
4.0_CreateSynonyms,Synonym,sdisy_MessageLog_CE6,213,4.0_CreateSynonyms\sdisy_MessageLog_CE6.sql
4.0_CreateSynonyms,Synonym,sdisy_MessageLog_CE7,213,4.0_CreateSynonyms\sdisy_MessageLog_CE7.sql
4.0_CreateSynonyms,Synonym,sdisy_sdivw_HI_PandA_GetReadyPandALabels,296,4.0_CreateSynonyms\sdisy_sdivw_HI_PandA_GetReadyPandALabels.sql
4.0_CreateSynonyms,Synonym,sdisy_TCP_TX_Send_CE1,217,4.0_CreateSynonyms\sdisy_TCP_TX_Send_CE1.sql
4.0_CreateSynonyms,Synonym,sdisy_TCP_TX_Send_CE2,217,4.0_CreateSynonyms\sdisy_TCP_TX_Send_CE2.sql
4.0_CreateSynonyms,Synonym,sdisy_TCP_TX_Send_CE3,217,4.0_CreateSynonyms\sdisy_TCP_TX_Send_CE3.sql
4.0_CreateSynonyms,Synonym,sdisy_TCP_TX_Send_CE4,217,4.0_CreateSynonyms\sdisy_TCP_TX_Send_CE4.sql
4.0_CreateSynonyms,Synonym,sdisy_TCP_TX_Send_CE5,217,4.0_CreateSynonyms\sdisy_TCP_TX_Send_CE5.sql
4.0_CreateSynonyms,Synonym,sdisy_TCP_TX_Send_CE6,217,4.0_CreateSynonyms\sdisy_TCP_TX_Send_CE6.sql
4.0_CreateSynonyms,Synonym,sdisy_TCP_TX_Send_CE7,217,4.0_CreateSynonyms\sdisy_TCP_TX_Send_CE7.sql
5.0_CreateTables,Table,AvailableTableExports,1001,5.0_CreateTables\AvailableTableExports.sql
5.0_CreateTables,Table,DB2WEB,876,5.0_CreateTables\DB2WEB.sql
5.0_CreateTables,Table,EventDescriptions,833,5.0_CreateTables\EventDescriptions.sql
5.0_CreateTables,Table,EventLog,1273,5.0_CreateTables\EventLog.sql
5.0_CreateTables,Table,EventStoredProcedureList,593,5.0_CreateTables\EventStoredProcedureList.sql
5.0_CreateTables,Table,LabelDef,593,5.0_CreateTables\LabelDef.sql
5.0_CreateTables,Table,LabelPrintLocations,591,5.0_CreateTables\LabelPrintLocations.sql
5.0_CreateTables,Table,LabelProfileDetail,718,5.0_CreateTables\LabelProfileDetail.sql
5.0_CreateTables,Table,LabelProfileHeader,675,5.0_CreateTables\LabelProfileHeader.sql
5.0_CreateTables,Table,LabelProfileMap,624,5.0_CreateTables\LabelProfileMap.sql
5.0_CreateTables,Table,LabelTemplates,1138,5.0_CreateTables\LabelTemplates.sql
5.0_CreateTables,Table,LabelTypes,593,5.0_CreateTables\LabelTypes.sql
5.0_CreateTables,Table,LaneDef,601,5.0_CreateTables\LaneDef.sql
5.0_CreateTables,Table,PandaCartonList,1408,5.0_CreateTables\PandaCartonList.sql
5.0_CreateTables,Table,PandaData,3034,5.0_CreateTables\PandaData.sql
5.0_CreateTables,Table,PandaDataXRef,1344,5.0_CreateTables\PandaDataXRef.sql
5.0_CreateTables,Table,PandADetails,601,5.0_CreateTables\PandADetails.sql
5.0_CreateTables,Table,PandAs,625,5.0_CreateTables\PandAs.sql
5.0_CreateTables,Table,PandAState,576,5.0_CreateTables\PandAState.sql
5.0_CreateTables,Table,PendingTableExports,1460,5.0_CreateTables\PendingTableExports.sql
5.0_CreateTables,Table,PrintEngineStatus,1300,5.0_CreateTables\PrintEngineStatus.sql
5.0_CreateTables,Table,PrinterDetails,400,5.0_CreateTables\PrinterDetails.sql
5.0_CreateTables,Table,PrinterFirePoints,721,5.0_CreateTables\PrinterFirePoints.sql
5.0_CreateTables,Table,Printers,563,5.0_CreateTables\Printers.sql
5.0_CreateTables,Table,PrinterState,708,5.0_CreateTables\PrinterState.sql
5.0_CreateTables,Table,RejectHistory,658,5.0_CreateTables\RejectHistory.sql
5.0_CreateTables,Table,Settings_CartonStatuses,1151,5.0_CreateTables\Settings_CartonStatuses.sql
5.0_CreateTables,Table,Settings_DefaultAttributes,686,5.0_CreateTables\Settings_DefaultAttributes.sql
5.0_CreateTables,Table,Settings_LabelBufferOrder,662,5.0_CreateTables\Settings_LabelBufferOrder.sql
5.0_CreateTables,Table,Settings,839,5.0_CreateTables\Settings.sql
5.0_CreateTables,Table,sysdiagrams,847,5.0_CreateTables\sysdiagrams.sql
5.0_CreateTables,Table,uEventLog,1646,5.0_CreateTables\uEventLog.sql
5.0_CreateTables,Table,Wave,654,5.0_CreateTables\Wave.sql
5.0_CreateTables,Table,WaveHistory,2139,5.0_CreateTables\WaveHistory.sql
5.0_CreateTables,Table,WaveRange,730,5.0_CreateTables\WaveRange.sql
6.0_PopulateTables,SeedData,EventStoredProcedureList,5076,6.0_PopulateTables\EventStoredProcedureList.sql
6.0_PopulateTables,SeedData,LabelDef,511,6.0_PopulateTables\LabelDef.sql
6.0_PopulateTables,SeedData,LabelPrintLocations,436,6.0_PopulateTables\LabelPrintLocations.sql
6.0_PopulateTables,SeedData,LabelProfileDetail,41184,6.0_PopulateTables\LabelProfileDetail.sql
6.0_PopulateTables,SeedData,LabelProfileHeader,10436,6.0_PopulateTables\LabelProfileHeader.sql
6.0_PopulateTables,SeedData,LabelProfileMap,560,6.0_PopulateTables\LabelProfileMap.sql
6.0_PopulateTables,SeedData,LabelTemplates,4724,6.0_PopulateTables\LabelTemplates.sql
6.0_PopulateTables,SeedData,LabelTypes,228,6.0_PopulateTables\LabelTypes.sql
6.0_PopulateTables,SeedData,LaneDef,731,6.0_PopulateTables\LaneDef.sql
6.0_PopulateTables,SeedData,PandADetails,2443,6.0_PopulateTables\PandADetails.sql
6.0_PopulateTables,SeedData,PandAs,416,6.0_PopulateTables\PandAs.sql
6.0_PopulateTables,SeedData,PandAState,396,6.0_PopulateTables\PandAState.sql
6.0_PopulateTables,SeedData,PrinterDetails,8137,6.0_PopulateTables\PrinterDetails.sql
6.0_PopulateTables,SeedData,PrinterFirePoints,39112,6.0_PopulateTables\PrinterFirePoints.sql
6.0_PopulateTables,SeedData,Printers,576,6.0_PopulateTables\Printers.sql
6.0_PopulateTables,SeedData,PrinterState,1354,6.0_PopulateTables\PrinterState.sql
6.0_PopulateTables,SeedData,Settings_CartonStatuses,4667,6.0_PopulateTables\Settings_CartonStatuses.sql
6.0_PopulateTables,SeedData,Settings_DefaultAttributes,2539,6.0_PopulateTables\Settings_DefaultAttributes.sql
6.0_PopulateTables,SeedData,Settings_LabelBufferOrder,1110,6.0_PopulateTables\Settings_LabelBufferOrder.sql
6.0_PopulateTables,SeedData,Settings,6359,6.0_PopulateTables\Settings.sql
6.0_PopulateTables,SeedData,Wave,55614,6.0_PopulateTables\Wave.sql
6.0_PopulateTables,SeedData,WaveRange,3515,6.0_PopulateTables\WaveRange.sql
7.0_CreateViews,View,DB2VLC_CE1,240,7.0_CreateViews\DB2VLC_CE1.sql
7.0_CreateViews,View,DB2VLC_CE2,240,7.0_CreateViews\DB2VLC_CE2.sql
7.0_CreateViews,View,DB2VLC_CE3,240,7.0_CreateViews\DB2VLC_CE3.sql
7.0_CreateViews,View,DB2VLC_CE4,240,7.0_CreateViews\DB2VLC_CE4.sql
7.0_CreateViews,View,DB2VLC_CE5,240,7.0_CreateViews\DB2VLC_CE5.sql
7.0_CreateViews,View,DB2VLC_CE6,240,7.0_CreateViews\DB2VLC_CE6.sql
7.0_CreateViews,View,HI_Xfer_Inb_PandALabels,292,7.0_CreateViews\HI_Xfer_Inb_PandALabels.sql
7.0_CreateViews,View,MessageLog_CE1,256,7.0_CreateViews\MessageLog_CE1.sql
7.0_CreateViews,View,MessageLog_CE2,256,7.0_CreateViews\MessageLog_CE2.sql
7.0_CreateViews,View,MessageLog_CE3,256,7.0_CreateViews\MessageLog_CE3.sql
7.0_CreateViews,View,MessageLog_CE4,256,7.0_CreateViews\MessageLog_CE4.sql
7.0_CreateViews,View,MessageLog_CE5,256,7.0_CreateViews\MessageLog_CE5.sql
7.0_CreateViews,View,MessageLog_CE6,256,7.0_CreateViews\MessageLog_CE6.sql
7.0_CreateViews,View,MessageLog_CE7,256,7.0_CreateViews\MessageLog_CE7.sql
7.0_CreateViews,View,sdivw_HI_PandA_GetReadyPandALabels,336,7.0_CreateViews\sdivw_HI_PandA_GetReadyPandALabels.sql
7.0_CreateViews,View,sdivw_LabelPrinterMap,719,7.0_CreateViews\sdivw_LabelPrinterMap.sql
7.0_CreateViews,View,sdivw_LabelProfiles,1253,7.0_CreateViews\sdivw_LabelProfiles.sql
7.0_CreateViews,View,sdivw_PandaCartonList,695,7.0_CreateViews\sdivw_PandaCartonList.sql
7.0_CreateViews,View,sdivw_PandaDataXRef,1370,7.0_CreateViews\sdivw_PandaDataXRef.sql
7.0_CreateViews,View,sdivw_PandADefs,852,7.0_CreateViews\sdivw_PandADefs.sql
7.0_CreateViews,View,sdivw_PandAWaves,721,7.0_CreateViews\sdivw_PandAWaves.sql
7.0_CreateViews,View,sdivw_PrinterDefs,807,7.0_CreateViews\sdivw_PrinterDefs.sql
7.0_CreateViews,View,sdivw_PrinterFirePoints,789,7.0_CreateViews\sdivw_PrinterFirePoints.sql
7.0_CreateViews,View,sdivw_PrinterStatus,679,7.0_CreateViews\sdivw_PrinterStatus.sql
7.0_CreateViews,View,TCP_TX_Send_CE1,260,7.0_CreateViews\TCP_TX_Send_CE1.sql
7.0_CreateViews,View,TCP_TX_Send_CE2,260,7.0_CreateViews\TCP_TX_Send_CE2.sql
7.0_CreateViews,View,TCP_TX_Send_CE3,260,7.0_CreateViews\TCP_TX_Send_CE3.sql
7.0_CreateViews,View,TCP_TX_Send_CE4,260,7.0_CreateViews\TCP_TX_Send_CE4.sql
7.0_CreateViews,View,TCP_TX_Send_CE5,260,7.0_CreateViews\TCP_TX_Send_CE5.sql
7.0_CreateViews,View,TCP_TX_Send_CE6,260,7.0_CreateViews\TCP_TX_Send_CE6.sql
7.0_CreateViews,View,TCP_TX_Send_CE7,260,7.0_CreateViews\TCP_TX_Send_CE7.sql
8.0_CreateSP,StoredProc,Find,7566,8.0_CreateSP\Find.sql
8.0_CreateSP,StoredProc,sdisp_BP2PA_Event,3432,8.0_CreateSP\sdisp_BP2PA_Event.sql
8.0_CreateSP,StoredProc,sdisp_BP2PA_Print,3684,8.0_CreateSP\sdisp_BP2PA_Print.sql
8.0_CreateSP,StoredProc,sdisp_BP2PA_Scan_Induct,3902,8.0_CreateSP\sdisp_BP2PA_Scan_Induct.sql
8.0_CreateSP,StoredProc,sdisp_BP2PA_Scan_Verify,4098,8.0_CreateSP\sdisp_BP2PA_Scan_Verify.sql
8.0_CreateSP,StoredProc,sdisp_BP2PA_Status_Printer,3108,8.0_CreateSP\sdisp_BP2PA_Status_Printer.sql
8.0_CreateSP,StoredProc,sdisp_BP2PA_Status_Zone,1828,8.0_CreateSP\sdisp_BP2PA_Status_Zone.sql
8.0_CreateSP,StoredProc,sdisp_CUSTOM_RejectHistory_Insert,3161,8.0_CreateSP\sdisp_CUSTOM_RejectHistory_Insert.sql
8.0_CreateSP,StoredProc,sdisp_eLog_add,5066,8.0_CreateSP\sdisp_eLog_add.sql
8.0_CreateSP,StoredProc,sdisp_eLog_Harvest,5541,8.0_CreateSP\sdisp_eLog_Harvest.sql
8.0_CreateSP,StoredProc,sdisp_eLog_LogIt,4146,8.0_CreateSP\sdisp_eLog_LogIt.sql
8.0_CreateSP,StoredProc,sdisp_GUI_GetLabelData,1049,8.0_CreateSP\sdisp_GUI_GetLabelData.sql
8.0_CreateSP,StoredProc,sdisp_GUI_GetLabelDefList,955,8.0_CreateSP\sdisp_GUI_GetLabelDefList.sql
8.0_CreateSP,StoredProc,sdisp_GUI_GetLabelOrientations,1127,8.0_CreateSP\sdisp_GUI_GetLabelOrientations.sql
8.0_CreateSP,StoredProc,sdisp_GUI_GetLabelPrintPositions,1071,8.0_CreateSP\sdisp_GUI_GetLabelPrintPositions.sql
8.0_CreateSP,StoredProc,sdisp_GUI_GetLabelProfileDetails,2515,8.0_CreateSP\sdisp_GUI_GetLabelProfileDetails.sql
8.0_CreateSP,StoredProc,sdisp_GUI_GetLabelProfileHeader,1618,8.0_CreateSP\sdisp_GUI_GetLabelProfileHeader.sql
8.0_CreateSP,StoredProc,sdisp_GUI_GetLabelProfileList,1080,8.0_CreateSP\sdisp_GUI_GetLabelProfileList.sql
8.0_CreateSP,StoredProc,sdisp_GUI_GetMandaList,551,8.0_CreateSP\sdisp_GUI_GetMandaList.sql
8.0_CreateSP,StoredProc,sdisp_GUI_GetPandaData,3444,8.0_CreateSP\sdisp_GUI_GetPandaData.sql
8.0_CreateSP,StoredProc,sdisp_GUI_GetPandaEvents,1562,8.0_CreateSP\sdisp_GUI_GetPandaEvents.sql
8.0_CreateSP,StoredProc,sdisp_GUI_GetPandAList,858,8.0_CreateSP\sdisp_GUI_GetPandAList.sql
8.0_CreateSP,StoredProc,sdisp_GUI_GetPandARejectCartons,2553,8.0_CreateSP\sdisp_GUI_GetPandARejectCartons.sql
8.0_CreateSP,StoredProc,sdisp_GUI_GetPandaScanLog_In,1636,8.0_CreateSP\sdisp_GUI_GetPandaScanLog_In.sql
8.0_CreateSP,StoredProc,sdisp_GUI_GetPandaScanLog_Verify,1646,8.0_CreateSP\sdisp_GUI_GetPandaScanLog_Verify.sql
8.0_CreateSP,StoredProc,sdisp_GUI_GetPandAWaveCartons,2022,8.0_CreateSP\sdisp_GUI_GetPandAWaveCartons.sql
8.0_CreateSP,StoredProc,sdisp_GUI_GetPandAWaveControl,2549,8.0_CreateSP\sdisp_GUI_GetPandAWaveControl.sql
8.0_CreateSP,StoredProc,sdisp_GUI_GetPandAWaveHistory,1750,8.0_CreateSP\sdisp_GUI_GetPandAWaveHistory.sql
8.0_CreateSP,StoredProc,sdisp_GUI_GetPandaWaves,700,8.0_CreateSP\sdisp_GUI_GetPandaWaves.sql
8.0_CreateSP,StoredProc,sdisp_GUI_GetPrintEngineStatus,1800,8.0_CreateSP\sdisp_GUI_GetPrintEngineStatus.sql
8.0_CreateSP,StoredProc,sdisp_GUI_GetPrinterList,670,8.0_CreateSP\sdisp_GUI_GetPrinterList.sql
8.0_CreateSP,StoredProc,sdisp_GUI_GetPrinterStatus,1171,8.0_CreateSP\sdisp_GUI_GetPrinterStatus.sql
8.0_CreateSP,StoredProc,sdisp_GUI_GetTableExports,712,8.0_CreateSP\sdisp_GUI_GetTableExports.sql
8.0_CreateSP,StoredProc,sdisp_GUI_LabelProfile_Delete,1345,8.0_CreateSP\sdisp_GUI_LabelProfile_Delete.sql
8.0_CreateSP,StoredProc,sdisp_GUI_LabelProfile_Insert,10418,8.0_CreateSP\sdisp_GUI_LabelProfile_Insert.sql
8.0_CreateSP,StoredProc,sdisp_GUI_LabelProfile_Update,14502,8.0_CreateSP\sdisp_GUI_LabelProfile_Update.sql
8.0_CreateSP,StoredProc,sdisp_GUI_MandA_Scan,1736,8.0_CreateSP\sdisp_GUI_MandA_Scan.sql
8.0_CreateSP,StoredProc,sdisp_GUI_MandA_Screen_Update,2893,8.0_CreateSP\sdisp_GUI_MandA_Screen_Update.sql
8.0_CreateSP,StoredProc,sdisp_GUI_MandA_Verify,1337,8.0_CreateSP\sdisp_GUI_MandA_Verify.sql
8.0_CreateSP,StoredProc,sdisp_GUI_PandaWaveAction_Complete,1619,8.0_CreateSP\sdisp_GUI_PandaWaveAction_Complete.sql
8.0_CreateSP,StoredProc,sdisp_GUI_PandaWaveAction_Start,2714,8.0_CreateSP\sdisp_GUI_PandaWaveAction_Start.sql
8.0_CreateSP,StoredProc,sdisp_GUI_PandaWaveAction_Suspend,3278,8.0_CreateSP\sdisp_GUI_PandaWaveAction_Suspend.sql
8.0_CreateSP,StoredProc,sdisp_GUI_QueueTableExport,2355,8.0_CreateSP\sdisp_GUI_QueueTableExport.sql
8.0_CreateSP,StoredProc,sdisp_GUI_SetPrintedFlag,1039,8.0_CreateSP\sdisp_GUI_SetPrintedFlag.sql
8.0_CreateSP,StoredProc,sdisp_HI_DCMSCore_Inbound_PandALabels_Job,12697,8.0_CreateSP\sdisp_HI_DCMSCore_Inbound_PandALabels_Job.sql
8.0_CreateSP,StoredProc,sdisp_Log_Event,2659,8.0_CreateSP\sdisp_Log_Event.sql
8.0_CreateSP,StoredProc,sdisp_MA_Scan_Induct,2859,8.0_CreateSP\sdisp_MA_Scan_Induct.sql
8.0_CreateSP,StoredProc,sdisp_MA_Scan_Verify,2659,8.0_CreateSP\sdisp_MA_Scan_Verify.sql
8.0_CreateSP,StoredProc,sdisp_PA_LaneEval,7555,8.0_CreateSP\sdisp_PA_LaneEval.sql
8.0_CreateSP,StoredProc,sdisp_PA_Lock,1723,8.0_CreateSP\sdisp_PA_Lock.sql
8.0_CreateSP,StoredProc,sdisp_PA_LockRemove,678,8.0_CreateSP\sdisp_PA_LockRemove.sql
8.0_CreateSP,StoredProc,sdisp_PA_LookupCarton,20049,8.0_CreateSP\sdisp_PA_LookupCarton.sql
8.0_CreateSP,StoredProc,sdisp_PA_PickPrinter,13570,8.0_CreateSP\sdisp_PA_PickPrinter.sql
8.0_CreateSP,StoredProc,sdisp_PA_Print,4604,8.0_CreateSP\sdisp_PA_Print.sql
8.0_CreateSP,StoredProc,sdisp_PA_Purge,5750,8.0_CreateSP\sdisp_PA_Purge.sql
8.0_CreateSP,StoredProc,sdisp_PA_Scan_Induct,4969,8.0_CreateSP\sdisp_PA_Scan_Induct.sql
8.0_CreateSP,StoredProc,sdisp_PA_Scan_Verify,5684,8.0_CreateSP\sdisp_PA_Scan_Verify.sql
8.0_CreateSP,StoredProc,sdisp_PA_Status_PrintEngine,13628,8.0_CreateSP\sdisp_PA_Status_PrintEngine.sql
8.0_CreateSP,StoredProc,sdisp_PA_Status_Printer,2372,8.0_CreateSP\sdisp_PA_Status_Printer.sql
8.0_CreateSP,StoredProc,sdisp_PA_Status_Zone,2250,8.0_CreateSP\sdisp_PA_Status_Zone.sql
8.0_CreateSP,StoredProc,sdisp_PA_VerifyCarton_bak,10731,8.0_CreateSP\sdisp_PA_VerifyCarton_bak.sql
8.0_CreateSP,StoredProc,sdisp_PA_VerifyCarton,12583,8.0_CreateSP\sdisp_PA_VerifyCarton.sql
8.0_CreateSP,StoredProc,sdisp_PA_VerifyThreshold_Update,5091,8.0_CreateSP\sdisp_PA_VerifyThreshold_Update.sql
8.0_CreateSP,StoredProc,sdisp_PA2BP_SendPrinterFirePoints,9649,8.0_CreateSP\sdisp_PA2BP_SendPrinterFirePoints.sql
8.0_CreateSP,StoredProc,sdisp_PA2DCMS_WaveStatus,2393,8.0_CreateSP\sdisp_PA2DCMS_WaveStatus.sql
8.0_CreateSP,StoredProc,sdisp_PA2TCP_SendTCPData,2967,8.0_CreateSP\sdisp_PA2TCP_SendTCPData.sql
8.0_CreateSP,StoredProc,sdisp_ScratchPad_AddTestPandaDataRecord,2669,8.0_CreateSP\sdisp_ScratchPad_AddTestPandaDataRecord.sql
8.0_CreateSP,StoredProc,sdisp_ScratchPad_FullInductSingleCarton_NoPLC,2003,8.0_CreateSP\sdisp_ScratchPad_FullInductSingleCarton_NoPLC.sql
8.0_CreateSP,StoredProc,sdisp_ScratchPad_FullInductSingleCarton,1683,8.0_CreateSP\sdisp_ScratchPad_FullInductSingleCarton.sql
8.0_CreateSP,StoredProc,sdisp_ScratchPad_GetScannerDevice,1213,8.0_CreateSP\sdisp_ScratchPad_GetScannerDevice.sql
8.0_CreateSP,StoredProc,sdisp_ScratchPad_PrintToCarton_NoPLC,1878,8.0_CreateSP\sdisp_ScratchPad_PrintToCarton_NoPLC.sql
8.0_CreateSP,StoredProc,sdisp_ScratchPad_PrintToCarton,1768,8.0_CreateSP\sdisp_ScratchPad_PrintToCarton.sql
8.0_CreateSP,StoredProc,sdisp_ScratchPad_SendInboundMessage,3944,8.0_CreateSP\sdisp_ScratchPad_SendInboundMessage.sql
8.0_CreateSP,StoredProc,sdisp_ScratchPad_SendMultiCartonsDownLine,3787,8.0_CreateSP\sdisp_ScratchPad_SendMultiCartonsDownLine.sql
8.0_CreateSP,StoredProc,sdisp_ScratchPad_SendPrintMessage,2200,8.0_CreateSP\sdisp_ScratchPad_SendPrintMessage.sql
8.0_CreateSP,StoredProc,sdisp_ScratchPad_SendSingleCartonDownLine,3503,8.0_CreateSP\sdisp_ScratchPad_SendSingleCartonDownLine.sql
8.0_CreateSP,StoredProc,sdisp_ScratchPad_SendVerifyMessage,2504,8.0_CreateSP\sdisp_ScratchPad_SendVerifyMessage.sql
8.0_CreateSP,StoredProc,sdisp_ScratchPad_TestPlan,1116,8.0_CreateSP\sdisp_ScratchPad_TestPlan.sql
8.0_CreateSP,StoredProc,sdisp_ScratchPad_TestPrintEngineStatus,1595,8.0_CreateSP\sdisp_ScratchPad_TestPrintEngineStatus.sql
8.0_CreateSP,StoredProc,sdisp_ScratchPad_VerifySingleCarton_NoPLC,1632,8.0_CreateSP\sdisp_ScratchPad_VerifySingleCarton_NoPLC.sql
8.0_CreateSP,StoredProc,sdisp_ScratchPad_VerifySingleCarton,1548,8.0_CreateSP\sdisp_ScratchPad_VerifySingleCarton.sql
8.0_CreateSP,StoredProc,sdisp_Support_TOOL_ClearWaveDataFromPanda,5199,8.0_CreateSP\sdisp_Support_TOOL_ClearWaveDataFromPanda.sql
8.0_CreateSP,StoredProc,sdisp_Support_TOOL_SaveOneWaveFromPanda,5469,8.0_CreateSP\sdisp_Support_TOOL_SaveOneWaveFromPanda.sql
8.0_CreateSP,StoredProc,sdisp_Support_TOOL_SendLabelToPrinter,2767,8.0_CreateSP\sdisp_Support_TOOL_SendLabelToPrinter.sql
8.0_CreateSP,StoredProc,sdisp_TOOL_CUSTOM_CheckPandAInfo,4137,8.0_CreateSP\sdisp_TOOL_CUSTOM_CheckPandAInfo.sql
8.0_CreateSP,StoredProc,sdisp_TOOL_CUSTOM_CheckWaveCmp,2018,8.0_CreateSP\sdisp_TOOL_CUSTOM_CheckWaveCmp.sql
8.0_CreateSP,StoredProc,sdisp_TOOL_CUSTOM_DynamicApplyPoint,7156,8.0_CreateSP\sdisp_TOOL_CUSTOM_DynamicApplyPoint.sql
8.0_CreateSP,StoredProc,sdisp_TOOL_CUSTOM_LPNxRef_Disassociate,1773,8.0_CreateSP\sdisp_TOOL_CUSTOM_LPNxRef_Disassociate.sql
8.0_CreateSP,StoredProc,sdisp_TOOL_CUSTOM_LPNxRef,5602,8.0_CreateSP\sdisp_TOOL_CUSTOM_LPNxRef.sql
8.0_CreateSP,StoredProc,sdisp_TOOL_CUSTOM_PandAWaveComplete,2729,8.0_CreateSP\sdisp_TOOL_CUSTOM_PandAWaveComplete.sql
8.0_CreateSP,StoredProc,sdisp_TOOL_CUSTOM_Wave_Delete,3732,8.0_CreateSP\sdisp_TOOL_CUSTOM_Wave_Delete.sql
8.0_CreateSP,StoredProc,sdisp_TOOL_CUSTOM_Wave_Insert,2914,8.0_CreateSP\sdisp_TOOL_CUSTOM_Wave_Insert.sql
8.0_CreateSP,StoredProc,sdisp_TOOL_CUSTOM_WaveHistory_Insert,6367,8.0_CreateSP\sdisp_TOOL_CUSTOM_WaveHistory_Insert.sql
8.0_CreateSP,StoredProc,sdisp_TOOL_CUSTOM_WaveRange_Delete,3159,8.0_CreateSP\sdisp_TOOL_CUSTOM_WaveRange_Delete.sql
8.0_CreateSP,StoredProc,sdisp_TOOL_CUSTOM_WaveRange_Insert,4659,8.0_CreateSP\sdisp_TOOL_CUSTOM_WaveRange_Insert.sql
8.0_CreateSP,StoredProc,sdisp_TOOL_Enable,1046,8.0_CreateSP\sdisp_TOOL_Enable.sql
8.0_CreateSP,StoredProc,sdisp_TOOL_GetAllTableOldestRecord,3056,8.0_CreateSP\sdisp_TOOL_GetAllTableOldestRecord.sql
8.0_CreateSP,StoredProc,sdisp_TOOL_GetSetting,1874,8.0_CreateSP\sdisp_TOOL_GetSetting.sql
8.0_CreateSP,StoredProc,sdisp_TOOL_GetSlotNumber,1315,8.0_CreateSP\sdisp_TOOL_GetSlotNumber.sql
8.0_CreateSP,StoredProc,sdisp_TOOL_LabelProfileDetail_Delete,2173,8.0_CreateSP\sdisp_TOOL_LabelProfileDetail_Delete.sql
8.0_CreateSP,StoredProc,sdisp_TOOL_LabelProfileDetail_Insert,3695,8.0_CreateSP\sdisp_TOOL_LabelProfileDetail_Insert.sql
8.0_CreateSP,StoredProc,sdisp_TOOL_LabelProfileDetail_Update,4203,8.0_CreateSP\sdisp_TOOL_LabelProfileDetail_Update.sql
8.0_CreateSP,StoredProc,sdisp_TOOL_LabelProfileHeader_Delete,2926,8.0_CreateSP\sdisp_TOOL_LabelProfileHeader_Delete.sql
8.0_CreateSP,StoredProc,sdisp_TOOL_LabelProfileHeader_Insert,3025,8.0_CreateSP\sdisp_TOOL_LabelProfileHeader_Insert.sql
8.0_CreateSP,StoredProc,sdisp_TOOL_LabelProfileHeader_Update,5460,8.0_CreateSP\sdisp_TOOL_LabelProfileHeader_Update.sql
8.0_CreateSP,StoredProc,sdisp_TOOL_PA_AppendStatusSuffix,1228,8.0_CreateSP\sdisp_TOOL_PA_AppendStatusSuffix.sql
8.0_CreateSP,StoredProc,sdisp_TOOL_PA_BuildExceptionLabel,1964,8.0_CreateSP\sdisp_TOOL_PA_BuildExceptionLabel.sql
8.0_CreateSP,StoredProc,sdisp_TOOL_PA_GetConnectionsForPrinter,1248,8.0_CreateSP\sdisp_TOOL_PA_GetConnectionsForPrinter.sql
8.0_CreateSP,StoredProc,sdisp_TOOL_PA_GetFinalLaneFromStatus,3075,8.0_CreateSP\sdisp_TOOL_PA_GetFinalLaneFromStatus.sql
8.0_CreateSP,StoredProc,sdisp_TOOL_PA_GetPrinterFirePoints,2759,8.0_CreateSP\sdisp_TOOL_PA_GetPrinterFirePoints.sql
8.0_CreateSP,StoredProc,sdisp_TOOL_PA_PandaCartonList_Insert,3335,8.0_CreateSP\sdisp_TOOL_PA_PandaCartonList_Insert.sql
8.0_CreateSP,StoredProc,sdisp_TOOL_PA_PandaCartonList_Update,3473,8.0_CreateSP\sdisp_TOOL_PA_PandaCartonList_Update.sql
8.0_CreateSP,StoredProc,sdisp_TOOL_PA_ShutLineDown,2358,8.0_CreateSP\sdisp_TOOL_PA_ShutLineDown.sql
8.0_CreateSP,StoredProc,sdisp_TOOL_PA_ShutZoneDown,1375,8.0_CreateSP\sdisp_TOOL_PA_ShutZoneDown.sql
8.0_CreateSP,StoredProc,sdisp_TOOL_PA_SlowLineDown,2363,8.0_CreateSP\sdisp_TOOL_PA_SlowLineDown.sql
8.0_CreateSP,StoredProc,sdisp_TOOL_PA_VerifyLabel,13803,8.0_CreateSP\sdisp_TOOL_PA_VerifyLabel.sql
8.0_CreateSP,StoredProc,sdisp_TOOL_PA_VerifyThreshold_Add,1307,8.0_CreateSP\sdisp_TOOL_PA_VerifyThreshold_Add.sql
8.0_CreateSP,StoredProc,sdisp_TOOL_PA_VerifyThreshold_Refresh,1297,8.0_CreateSP\sdisp_TOOL_PA_VerifyThreshold_Refresh.sql
8.0_CreateSP,StoredProc,sdisp_TOOL_PA_VetLabel,3365,8.0_CreateSP\sdisp_TOOL_PA_VetLabel.sql
8.0_CreateSP,StoredProc,sdisp_TOOL_PrinterFirePoint_Delete,2174,8.0_CreateSP\sdisp_TOOL_PrinterFirePoint_Delete.sql
8.0_CreateSP,StoredProc,sdisp_TOOL_PrinterFirePoint_Insert,3007,8.0_CreateSP\sdisp_TOOL_PrinterFirePoint_Insert.sql
8.0_CreateSP,StoredProc,sdisp_TOOL_PrinterFirePoint_Update,4227,8.0_CreateSP\sdisp_TOOL_PrinterFirePoint_Update.sql
8.0_CreateSP,StoredProc,sdisp_TOOL_SiteBuilder_Create_FirePoint_Header,1593,8.0_CreateSP\sdisp_TOOL_SiteBuilder_Create_FirePoint_Header.sql
8.0_CreateSP,StoredProc,sdisp_TOOL_SiteBuilder_Create_Labels_LabelDef,1126,8.0_CreateSP\sdisp_TOOL_SiteBuilder_Create_Labels_LabelDef.sql
8.0_CreateSP,StoredProc,sdisp_TOOL_SiteBuilder_Create_Labels_LabelType,1045,8.0_CreateSP\sdisp_TOOL_SiteBuilder_Create_Labels_LabelType.sql
8.0_CreateSP,StoredProc,sdisp_TOOL_SiteBuilder_Create_Lanes_LaneDef,1051,8.0_CreateSP\sdisp_TOOL_SiteBuilder_Create_Lanes_LaneDef.sql
8.0_CreateSP,StoredProc,sdisp_TOOL_SiteBuilder_Create_PandAs_Detail,1149,8.0_CreateSP\sdisp_TOOL_SiteBuilder_Create_PandAs_Detail.sql
8.0_CreateSP,StoredProc,sdisp_TOOL_SiteBuilder_Create_PandAs_Header,1578,8.0_CreateSP\sdisp_TOOL_SiteBuilder_Create_PandAs_Header.sql
8.0_CreateSP,StoredProc,sdisp_TOOL_SiteBuilder_Create_Printers_Detail,2287,8.0_CreateSP\sdisp_TOOL_SiteBuilder_Create_Printers_Detail.sql
8.0_CreateSP,StoredProc,sdisp_TOOL_SiteBuilder_Create_Printers_Header,1714,8.0_CreateSP\sdisp_TOOL_SiteBuilder_Create_Printers_Header.sql
8.0_CreateSP,StoredProc,sdisp_TOOL_SiteBuilder_Get_Labels_LabelDef,811,8.0_CreateSP\sdisp_TOOL_SiteBuilder_Get_Labels_LabelDef.sql
8.0_CreateSP,StoredProc,sdisp_TOOL_SiteBuilder_Get_Labels_LabelType,816,8.0_CreateSP\sdisp_TOOL_SiteBuilder_Get_Labels_LabelType.sql
8.0_CreateSP,StoredProc,sdisp_TOOL_SiteBuilder_Get_LabelTypes_LabelList,839,8.0_CreateSP\sdisp_TOOL_SiteBuilder_Get_LabelTypes_LabelList.sql
8.0_CreateSP,StoredProc,sdisp_TOOL_SiteBuilder_Get_LabelTypes_RecIDFromLabelName,1082,8.0_CreateSP\sdisp_TOOL_SiteBuilder_Get_LabelTypes_RecIDFromLabelName.sql
8.0_CreateSP,StoredProc,sdisp_TOOL_SiteBuilder_Get_LabelTypes_RecIDFromLabelType,1084,8.0_CreateSP\sdisp_TOOL_SiteBuilder_Get_LabelTypes_RecIDFromLabelType.sql
8.0_CreateSP,StoredProc,sdisp_TOOL_SiteBuilder_Get_Lanes_LaneList,1017,8.0_CreateSP\sdisp_TOOL_SiteBuilder_Get_Lanes_LaneList.sql
8.0_CreateSP,StoredProc,sdisp_TOOL_SiteBuilder_Get_MandAs_NextAvlName,1225,8.0_CreateSP\sdisp_TOOL_SiteBuilder_Get_MandAs_NextAvlName.sql
8.0_CreateSP,StoredProc,sdisp_TOOL_SiteBuilder_Get_PandAs_BuildOptions,985,8.0_CreateSP\sdisp_TOOL_SiteBuilder_Get_PandAs_BuildOptions.sql
8.0_CreateSP,StoredProc,sdisp_TOOL_SiteBuilder_Get_PandAs_DBConnections,1235,8.0_CreateSP\sdisp_TOOL_SiteBuilder_Get_PandAs_DBConnections.sql
8.0_CreateSP,StoredProc,sdisp_TOOL_SiteBuilder_Get_PandAs_DetailsList,1100,8.0_CreateSP\sdisp_TOOL_SiteBuilder_Get_PandAs_DetailsList.sql
8.0_CreateSP,StoredProc,sdisp_TOOL_SiteBuilder_Get_PandAs_NextAvlName,1230,8.0_CreateSP\sdisp_TOOL_SiteBuilder_Get_PandAs_NextAvlName.sql
8.0_CreateSP,StoredProc,sdisp_TOOL_SiteBuilder_Get_PandAs_PandaList_Dropdown,847,8.0_CreateSP\sdisp_TOOL_SiteBuilder_Get_PandAs_PandaList_Dropdown.sql
8.0_CreateSP,StoredProc,sdisp_TOOL_SiteBuilder_Get_PandAs_PandaList,823,8.0_CreateSP\sdisp_TOOL_SiteBuilder_Get_PandAs_PandaList.sql
8.0_CreateSP,StoredProc,sdisp_TOOL_SiteBuilder_Get_Printers_BuildOptions,950,8.0_CreateSP\sdisp_TOOL_SiteBuilder_Get_Printers_BuildOptions.sql
8.0_CreateSP,StoredProc,sdisp_TOOL_SiteBuilder_Get_Printers_Details,1237,8.0_CreateSP\sdisp_TOOL_SiteBuilder_Get_Printers_Details.sql
8.0_CreateSP,StoredProc,sdisp_TOOL_SiteBuilder_Get_Printers_FirePoints,1296,8.0_CreateSP\sdisp_TOOL_SiteBuilder_Get_Printers_FirePoints.sql
8.0_CreateSP,StoredProc,sdisp_TOOL_SiteBuilder_Get_Printers_NewPandAList,1050,8.0_CreateSP\sdisp_TOOL_SiteBuilder_Get_Printers_NewPandAList.sql
8.0_CreateSP,StoredProc,sdisp_TOOL_SiteBuilder_Get_Printers_PrinterList,1162,8.0_CreateSP\sdisp_TOOL_SiteBuilder_Get_Printers_PrinterList.sql
8.0_CreateSP,StoredProc,sdisp_TOOL_SiteBuilder_Get_Printers_RecIDFromPrinterID,1010,8.0_CreateSP\sdisp_TOOL_SiteBuilder_Get_Printers_RecIDFromPrinterID.sql
8.0_CreateSP,StoredProc,sdisp_TOOL_SiteBuilder_Remove_AllData,1042,8.0_CreateSP\sdisp_TOOL_SiteBuilder_Remove_AllData.sql
8.0_CreateSP,StoredProc,sdisp_TOOL_SiteBuilder_Remove_Labels_LabelDef,877,8.0_CreateSP\sdisp_TOOL_SiteBuilder_Remove_Labels_LabelDef.sql
8.0_CreateSP,StoredProc,sdisp_TOOL_SiteBuilder_Remove_Labels_LabelType,953,8.0_CreateSP\sdisp_TOOL_SiteBuilder_Remove_Labels_LabelType.sql
8.0_CreateSP,StoredProc,sdisp_TOOL_SiteBuilder_Remove_Lanes_LaneDef,870,8.0_CreateSP\sdisp_TOOL_SiteBuilder_Remove_Lanes_LaneDef.sql
8.0_CreateSP,StoredProc,sdisp_TOOL_SiteBuilder_Remove_PandAs_SinglePandA,1613,8.0_CreateSP\sdisp_TOOL_SiteBuilder_Remove_PandAs_SinglePandA.sql
8.0_CreateSP,StoredProc,sdisp_TOOL_SiteBuilder_Remove_Printers_FirePoint,915,8.0_CreateSP\sdisp_TOOL_SiteBuilder_Remove_Printers_FirePoint.sql
8.0_CreateSP,StoredProc,sdisp_TOOL_SiteBuilder_Remove_Printers_SinglePrinter,1427,8.0_CreateSP\sdisp_TOOL_SiteBuilder_Remove_Printers_SinglePrinter.sql
8.0_CreateSP,StoredProc,sdisp_TOOL_SiteBuilder_Update_Pandas_DBConnections,1246,8.0_CreateSP\sdisp_TOOL_SiteBuilder_Update_Pandas_DBConnections.sql
8.0_CreateSP,StoredProc,sdisp_TOOL_SiteBuilder_Update_Pandas_Details,1069,8.0_CreateSP\sdisp_TOOL_SiteBuilder_Update_Pandas_Details.sql
8.0_CreateSP,StoredProc,sdisp_TOOL_SiteBuilder_Update_Pandas_Lanes,836,8.0_CreateSP\sdisp_TOOL_SiteBuilder_Update_Pandas_Lanes.sql
8.0_CreateSP,StoredProc,sdisp_TOOL_SiteBuilder_Update_Printers_Details,1077,8.0_CreateSP\sdisp_TOOL_SiteBuilder_Update_Printers_Details.sql
8.0_CreateSP,StoredProc,sdisp_TOOL_SiteBuilder_Update_Printers_FirePoints,1330,8.0_CreateSP\sdisp_TOOL_SiteBuilder_Update_Printers_FirePoints.sql
8.0_CreateSP,StoredProc,sdisp_TOOL_SiteBuilder,17633,8.0_CreateSP\sdisp_TOOL_SiteBuilder.sql
8.0_CreateSP,StoredProc,sdisp_TOOL_SpaceScan,1809,8.0_CreateSP\sdisp_TOOL_SpaceScan.sql
8.0_CreateSP,StoredProc,sdisp_TOOL_SynBuilder_CORE,2077,8.0_CreateSP\sdisp_TOOL_SynBuilder_CORE.sql
8.0_CreateSP,StoredProc,sdisp_TOOL_SynBuilder_DCMS,2914,8.0_CreateSP\sdisp_TOOL_SynBuilder_DCMS.sql
8.0_CreateSP,StoredProc,sdisp_TOOL_SynBuilder_PLC,4116,8.0_CreateSP\sdisp_TOOL_SynBuilder_PLC.sql
8.0_CreateSP,StoredProc,sdisp_TOOL_SynBuilder_RemoveSynonyms,588,8.0_CreateSP\sdisp_TOOL_SynBuilder_RemoveSynonyms.sql
8.0_CreateSP,StoredProc,sdisp_TOOL_SynBuilder_TCP,4500,8.0_CreateSP\sdisp_TOOL_SynBuilder_TCP.sql
8.0_CreateSP,StoredProc,sdisp_TOOL_Table2File_JOB,3331,8.0_CreateSP\sdisp_TOOL_Table2File_JOB.sql
8.0_CreateSP,StoredProc,sdisp_TOOL_Table2File,7303,8.0_CreateSP\sdisp_TOOL_Table2File.sql
